elapse (ns), size, refs/vals, permutation, type, i
59000,1, refs, rand, Flow,0
61000,2, refs, rand, Native,0
62000,1, refs, rand, Flow,0
65000,4, refs, linear, Native,0
66000,1, refs, rand, Flow,0
66000,1, refs, rand, Flow,0
67000,1, refs, rand, Flow,0
67000,1, refs, rand, Native,0
67000,2, refs, linear, Native,0
71000,1, refs, rand, Flow,0
72000,2, refs, linear, Native,0
73000,1, refs, rand, Native,0
74000,2, refs, linear, Flow,0
74000,2, refs, rand, Native,0
75000,2, refs, linear, Native,0
75000,2, refs, rand, Native,0
75000,2, refs, rand, Flow,0
75000,1, refs, rand, Native,0
76000,2, refs, linear, Native,0
77000,1, refs, rand, Native,0
80000,1, refs, rand, Native,0
80000,4, refs, linear, Native,0
80000,4, refs, linear, Native,0
80000,4, refs, rand, Native,0
80000,4, refs, rand, Native,0
81000,4, refs, rand, Native,0
81000,2, refs, linear, Native,0
82000,4, refs, linear, Native,0
84000,1, refs, rand, Synth,0
84000,1, refs, rand, Native,0
84000,1, refs, rand, Stencil-Flow,0
85000,1, refs, rand, Synth,0
85000,2, refs, linear, Native,0
85000,2, refs, rand, Native,0
85000,1, refs, rand, Synth,0
86000,2, refs, linear, Flow,0
86000,2, refs, linear, Flow,0
87000,2, refs, linear, Flow,0
88000,4, refs, linear, Flow,0
89000,2, refs, linear, Flow,0
90000,4, refs, linear, Native,0
91000,1, refs, rand, Synth,0
92000,1, refs, rand, Stencil-Flow,0
93000,2, refs, rand, Native,0
93000,4, refs, rand, Native,0
93000,4, refs, rand, Native,0
94000,8, refs, linear, Native,0
94000,1, refs, rand, Stencil-Flow,0
96000,4, refs, linear, Flow,0
96000,2, refs, linear, Synth,0
97000,1, refs, rand, Stencil-Flow,0
97000,2, refs, rand, Flow,0
97000,8, refs, rand, Native,0
98000,1, refs, rand, Stencil-Flow,0
99000,8, refs, linear, Native,0
100000,2, refs, linear, Synth,0
101000,16, refs, rand, Native,0
101000,1, refs, linear, Synth,0
102000,8, refs, rand, Native,0
104000,2, refs, linear, Synth,0
104000,2, refs, rand, Flow,0
104000,8, refs, linear, Native,0
104000,2, refs, rand, Flow,0
105000,2, refs, linear, Synth,0
105000,2, refs, rand, Flow,0
106000,1, refs, rand, Synth,0
108000,1, refs, rand, Stencil-State,0
109000,1, refs, rand, Stencil-State,0
109000,1, refs, rand, Stencil-Flow,0
109000,1, refs, rand, Synth,0
110000,2, refs, rand, Flow,0
111000,2, refs, rand, Stencil-State,0
112000,2, refs, linear, Flow,0
112000,8, refs, rand, Native,0
112000,4, refs, rand, Synth,0
112000,8, refs, rand, Native,0
113000,4, refs, linear, Synth,0
114000,4, refs, rand, Flow,0
114000,1, refs, rand, Stencil-State,0
114000,8, refs, linear, Native,0
115000,4, refs, linear, Flow,0
115000,4, refs, rand, Flow,0
115000,4, refs, linear, Synth,0
115000,4, refs, rand, Synth,0
116000,1, refs, rand, Stencil-State,0
116000,4, refs, linear, Synth,0
116000,4, refs, rand, Synth,0
116000,1, refs, linear, Synth,0
116000,16, refs, rand, Native,0
117000,4, refs, linear, Flow,0
118000,8, refs, rand, Native,0
118000,2, refs, rand, Native,0
119000,4, refs, linear, Native,0
119000,8, refs, linear, Synth,0
120000,16, refs, rand, Native,0
120000,4, refs, linear, Flow,0
121000,2, refs, rand, Stencil-State,0
121000,4, refs, linear, Synth,0
122000,4, refs, rand, Flow,0
122000,16, refs, rand, Native,0
122000,4, refs, rand, Flow,0
123000,4, refs, rand, Synth,0
123000,8, refs, linear, Native,0
123000,4, refs, linear, Synth,0
124000,4, refs, rand, Flow,0
125000,1, refs, linear, Synth,0
125000,1, refs, linear, Synth,0
125000,2, refs, linear, Stencil-Flow,0
126000,8, refs, rand, Native,0
126000,1, refs, rand, Stencil-State,0
127000,4, refs, rand, Native,0
127000,2, refs, linear, Stencil-State,0
128000,1, refs, linear, Synth,0
129000,1, refs, rand, Stencil-State,0
129000,2, refs, linear, Synth,0
129000,2, refs, linear, Stencil-Flow,0
129000,2, refs, rand, Stencil-State,0
130000,2, refs, linear, Synth,0
130000,2, refs, linear, Stencil-State,0
132000,2, refs, linear, Stencil-State,0
132000,1, refs, linear, Synth,0
132000,2, refs, linear, Stencil-State,0
133000,2, refs, rand, Stencil-State,0
134000,4, refs, linear, Synth,0
134000,4, refs, rand, Synth,0
135000,8, refs, linear, Native,0
136000,2, refs, rand, Stencil-State,0
136000,1, refs, linear, Stencil-Flow,0
136000,2, refs, linear, Stencil-Flow,0
137000,2, refs, linear, Stencil-State,0
138000,32, refs, linear, Native,0
138000,4, refs, rand, Flow,0
141000,32, refs, rand, Native,0
141000,1, refs, linear, Stencil-Flow,0
142000,4, refs, linear, Flow,0
142000,4, refs, rand, Synth,0
154000,2, refs, linear, Stencil-Flow,0
155000,1, refs, linear, Stencil-Flow,0
159000,4, refs, linear, Stencil-State,0
160000,2, refs, linear, Stencil-State,0
161000,32, refs, linear, Native,0
161000,16, refs, rand, Native,0
163000,8, refs, linear, Synth,0
164000,32, refs, rand, Native,0
165000,16, refs, rand, Native,0
165000,8, refs, linear, Synth,0
166000,4, refs, linear, Stencil-State,0
167000,2, refs, linear, Stencil-Flow,0
167000,4, refs, rand, Stencil-State,0
168000,32, refs, linear, Native,0
168000,4, refs, rand, Stencil-State,0
169000,8, refs, linear, Synth,0
169000,32, refs, rand, Native,0
170000,4, refs, rand, Stencil-State,0
170000,2, refs, linear, Stencil-Flow,0
171000,1, refs, linear, Stencil-Flow,0
173000,32, refs, linear, Native,0
175000,32, refs, linear, Native,0
176000,8, refs, linear, Synth,0
177000,4, refs, linear, Stencil-State,0
177000,4, refs, rand, Stencil-State,0
177000,32, refs, rand, Native,0
177000,1, refs, linear, Native,0
178000,4, refs, rand, Stencil-Flow,0
178000,4, refs, rand, Stencil-Flow,0
179000,8, refs, linear, Stencil-State,0
179000,4, refs, linear, Stencil-State,0
179000,32, refs, linear, Native,0
180000,1, refs, linear, Native,0
180000,32, refs, rand, Native,0
181000,1, refs, linear, Stencil-Flow,0
183000,4, refs, linear, Stencil-Flow,0
184000,8, refs, linear, Flow,0
184000,8, refs, rand, Flow,0
184000,8, refs, linear, Flow,0
185000,4, refs, linear, Stencil-State,0
186000,16, refs, linear, Native,0
186000,8, refs, rand, Flow,0
187000,4, refs, rand, Stencil-State,0
188000,8, refs, rand, Flow,0
188000,8, refs, linear, Flow,0
190000,1, refs, linear, Stencil-Flow,0
190000,2, refs, rand, Stencil-State,0
191000,8, refs, linear, Synth,0
194000,8, refs, linear, Flow,0
194000,8, refs, linear, Flow,0
194000,2, refs, rand, Stencil-Flow,0
196000,32, refs, rand, Native,0
196000,16, refs, linear, Native,0
197000,4, refs, linear, Stencil-Flow,0
198000,16, refs, rand, Synth,0
198000,16, refs, linear, Native,0
200000,2, refs, rand, Stencil-Flow,0
200000,1, refs, linear, Native,0
201000,4, refs, rand, Stencil-State,0
205000,16, refs, linear, Native,0
207000,4, refs, linear, Stencil-State,0
209000,2, refs, rand, Stencil-Flow,0
209000,16, refs, linear, Synth,0
210000,4, refs, rand, Stencil-Flow,0
211000,16, refs, linear, Native,0
212000,4, refs, rand, Stencil-Flow,0
213000,1, refs, linear, Native,0
213000,8, refs, linear, Flow,0
217000,64, refs, linear, Native,0
219000,64, refs, rand, Native,0
219000,4, refs, linear, Stencil-Flow,0
219000,4, refs, rand, Stencil-Flow,0
222000,4, refs, linear, Stencil-Flow,0
223000,16, refs, linear, Synth,0
225000,16, refs, linear, Native,0
228000,8, refs, rand, Flow,0
231000,4, refs, rand, Stencil-Flow,0
232000,8, refs, linear, Stencil-State,0
233000,4, refs, linear, Stencil-Flow,0
234000,1, refs, linear, Native,0
234000,4, refs, linear, Stencil-Flow,0
238000,8, refs, linear, Stencil-State,0
243000,64, refs, rand, Native,0
247000,1, refs, linear, Native,0
247000,8, refs, linear, Stencil-State,0
250000,16, refs, rand, Flow,0
250000,16, refs, rand, Flow,0
252000,8, refs, rand, Flow,0
252000,64, refs, linear, Native,0
253000,8, refs, linear, Stencil-State,0
253000,16, refs, linear, Flow,0
254000,16, refs, linear, Synth,0
255000,8, refs, linear, Stencil-State,0
255000,16, refs, linear, Synth,0
255000,16, refs, rand, Synth,0
257000,16, refs, linear, Synth,0
257000,16, refs, rand, Synth,0
258000,16, refs, rand, Synth,0
260000,64, refs, linear, Native,0
263000,64, refs, rand, Native,0
267000,16, refs, rand, Synth,0
268000,64, refs, rand, Native,0
270000,16, refs, rand, Synth,0
271000,16, refs, linear, Stencil-State,0
271000,16, refs, linear, Stencil-State,0
283000,8, refs, rand, Flow,0
286000,16, refs, linear, Synth,0
287000,64, refs, rand, Native,0
290000,64, refs, linear, Native,0
291000,16, refs, rand, Stencil-State,0
296000,64, refs, linear, Native,0
296000,16, refs, linear, Flow,0
297000,8, refs, rand, Stencil-Flow,0
299000,2, refs, rand, Stencil-Flow,0
301000,16, refs, rand, Stencil-State,0
302000,64, refs, rand, Native,0
304000,8, refs, linear, Stencil-Flow,0
308000,2, refs, rand, Stencil-Flow,0
309000,64, refs, linear, Native,0
324000,16, refs, linear, Flow,0
324000,16, refs, rand, Flow,0
329000,16, refs, linear, Flow,0
332000,16, refs, rand, Stencil-State,0
333000,16, refs, linear, Stencil-State,0
333000,16, refs, linear, Flow,0
335000,16, refs, rand, Flow,0
335000,128, refs, rand, Native,0
340000,8, refs, linear, Stencil-Flow,0
344000,16, refs, linear, Flow,0
345000,16, refs, rand, Flow,0
346000,128, refs, rand, Native,0
349000,128, refs, rand, Native,0
349000,32, refs, linear, Synth,0
351000,8, refs, rand, Stencil-Flow,0
352000,16, refs, rand, Stencil-State,0
353000,16, refs, linear, Stencil-State,0
355000,32, refs, linear, Synth,0
355000,128, refs, linear, Native,0
360000,16, refs, linear, Stencil-State,0
361000,32, refs, rand, Synth,0
364000,32, refs, linear, Synth,0
364000,16, refs, rand, Flow,0
365000,16, refs, linear, Stencil-State,0
366000,8, refs, rand, Stencil-Flow,0
370000,8, refs, rand, Stencil-Flow,0
371000,16, refs, rand, Stencil-State,0
376000,32, refs, rand, Synth,0
379000,16, refs, rand, Stencil-State,0
380000,8, refs, linear, Stencil-Flow,0
380000,8, refs, rand, Stencil-Flow,0
389000,8, refs, rand, Stencil-Flow,0
391000,2, refs, rand, Stencil-Flow,0
393000,8, refs, linear, Stencil-Flow,0
402000,8, refs, linear, Stencil-Flow,0
403000,32, refs, linear, Synth,0
413000,128, refs, rand, Native,0
419000,32, refs, linear, Synth,0
420000,32, refs, linear, Synth,0
424000,32, refs, rand, Synth,0
425000,8, refs, linear, Stencil-Flow,0
428000,32, refs, rand, Synth,0
435000,32, refs, rand, Synth,0
438000,128, refs, rand, Native,0
447000,128, refs, linear, Native,0
447000,32, refs, rand, Stencil-State,0
447000,32, refs, rand, Synth,0
457000,128, refs, linear, Native,0
457000,128, refs, linear, Native,0
459000,32, refs, rand, Flow,0
459000,128, refs, linear, Native,0
463000,128, refs, rand, Native,0
466000,32, refs, linear, Flow,0
469000,32, refs, linear, Stencil-State,0
477000,32, refs, rand, Stencil-State,0
477000,32, refs, linear, Stencil-State,0
490000,32, refs, rand, Stencil-State,0
501000,32, refs, linear, Stencil-State,0
502000,256, refs, rand, Native,0
505000,32, refs, linear, Flow,0
513000,32, refs, rand, Stencil-State,0
514000,16, refs, linear, Stencil-Flow,0
515000,16, refs, linear, Stencil-Flow,0
517000,32, refs, linear, Flow,0
519000,32, refs, linear, Stencil-State,0
522000,16, refs, rand, Stencil-Flow,0
524000,32, refs, linear, Flow,0
524000,32, refs, rand, Stencil-State,0
527000,32, refs, rand, Flow,0
528000,32, refs, rand, Flow,0
529000,32, refs, rand, Flow,0
536000,32, refs, linear, Flow,0
539000,256, refs, rand, Native,0
540000,32, refs, rand, Stencil-State,0
541000,128, refs, linear, Native,0
553000,32, refs, rand, Flow,0
559000,32, refs, rand, Flow,0
569000,256, refs, linear, Native,0
569000,256, refs, rand, Native,0
574000,32, refs, linear, Flow,0
577000,16, refs, rand, Stencil-Flow,0
582000,32, refs, linear, Stencil-State,0
585000,256, refs, rand, Native,0
586000,16, refs, linear, Stencil-Flow,0
586000,16, refs, rand, Stencil-Flow,0
586000,16, refs, rand, Stencil-Flow,0
586000,32, refs, linear, Stencil-State,0
590000,16, refs, linear, Stencil-Flow,0
597000,16, refs, rand, Stencil-Flow,0
597000,16, refs, linear, Stencil-Flow,0
600000,16, refs, linear, Stencil-Flow,0
610000,256, refs, linear, Native,0
630000,64, refs, linear, Synth,0
634000,256, refs, rand, Native,0
636000,64, refs, rand, Synth,0
639000,16, refs, rand, Stencil-Flow,0
639000,64, refs, rand, Synth,0
641000,64, refs, linear, Synth,0
642000,256, refs, linear, Native,0
645000,256, refs, rand, Native,0
648000,64, refs, linear, Synth,0
656000,64, refs, rand, Synth,0
662000,64, refs, rand, Synth,0
663000,8, refs, rand, Synth,0
674000,64, refs, rand, Synth,0
675000,256, refs, linear, Native,0
676000,64, refs, linear, Synth,0
681000,8, refs, rand, Synth,0
697000,256, refs, linear, Native,0
733000,8, refs, rand, Synth,0
734000,8, refs, rand, Synth,0
760000,64, refs, linear, Synth,0
760000,64, refs, linear, Synth,0
784000,8, refs, rand, Synth,0
790000,64, refs, linear, Stencil-State,0
794000,256, refs, linear, Native,0
805000,64, refs, rand, Synth,0
805000,8, refs, rand, Synth,0
816000,64, refs, linear, Stencil-State,0
818000,64, refs, linear, Stencil-State,0
818000,64, refs, rand, Stencil-State,0
825000,64, refs, rand, Stencil-State,0
843000,64, refs, linear, Flow,0
866000,64, refs, rand, Stencil-State,0
873000,64, refs, rand, Stencil-State,0
875000,64, refs, rand, Stencil-State,0
886000,64, refs, linear, Flow,0
886000,64, refs, rand, Stencil-State,0
890000,64, refs, linear, Stencil-State,0
892000,64, refs, linear, Stencil-State,0
900000,64, refs, linear, Flow,0
904000,64, refs, rand, Flow,0
909000,256, refs, rand, Synth,0
916000,256, refs, rand, Synth,0
933000,64, refs, linear, Flow,0
950000,64, refs, linear, Flow,0
964000,1024, refs, rand, Native,0
966000,64, refs, linear, Flow,0
970000,256, refs, rand, Synth,0
972000,32, refs, rand, Stencil-Flow,0
977000,64, refs, linear, Stencil-State,0
979000,256, refs, rand, Synth,0
983000,32, refs, linear, Stencil-Flow,0
985000,32, refs, linear, Stencil-Flow,0
989000,64, refs, rand, Flow,0
989000,64, refs, rand, Flow,0
994000,256, refs, rand, Synth,0
1015000,128, refs, rand, Synth,0
1017000,64, refs, rand, Flow,0
1020000,32, refs, linear, Stencil-Flow,0
1027000,32, refs, linear, Stencil-Flow,0
1028000,64, refs, rand, Flow,0
1029000,32, refs, rand, Stencil-Flow,0
1029000,512, refs, linear, Native,0
1031000,32, refs, linear, Stencil-Flow,0
1034000,32, refs, linear, Stencil-Flow,0
1059000,32, refs, rand, Stencil-Flow,0
1069000,1024, refs, rand, Native,0
1073000,64, refs, rand, Flow,0
1076000,128, refs, rand, Synth,0
1078000,128, refs, linear, Synth,0
1083000,32, refs, rand, Stencil-Flow,0
1086000,32, refs, rand, Stencil-Flow,0
1088000,32, refs, rand, Stencil-Flow,0
1096000,128, refs, linear, Synth,0
1096000,128, refs, rand, Synth,0
1109000,512, refs, linear, Native,0
1122000,128, refs, linear, Synth,0
1152000,512, refs, linear, Native,0
1152000,512, refs, rand, Native,0
1154000,256, refs, rand, Synth,0
1157000,128, refs, linear, Synth,0
1168000,512, refs, linear, Native,0
1168000,512, refs, rand, Native,0
1183000,512, refs, linear, Native,0
1191000,128, refs, rand, Synth,0
1192000,128, refs, rand, Synth,0
1195000,128, refs, linear, Synth,0
1246000,512, refs, rand, Native,0
1248000,512, refs, linear, Native,0
1251000,128, refs, rand, Synth,0
1273000,512, refs, rand, Native,0
1275000,512, refs, rand, Native,0
1297000,512, refs, rand, Native,0
1306000,2048, refs, rand, Native,0
1320000,2048, refs, rand, Native,0
1321000,128, refs, linear, Synth,0
1335000,1024, refs, linear, Native,0
1342000,2048, refs, rand, Native,0
1343000,2048, refs, rand, Synth,0
1351000,2048, refs, rand, Native,0
1363000,2048, refs, rand, Native,0
1370000,1024, refs, rand, Native,0
1388000,1024, refs, rand, Synth,0
1396000,128, refs, linear, Stencil-State,0
1409000,128, refs, linear, Stencil-State,0
1410000,1024, refs, linear, Native,0
1432000,1024, refs, rand, Native,0
1452000,2048, refs, rand, Synth,0
1467000,1024, refs, rand, Native,0
1478000,1024, refs, rand, Synth,0
1478000,1024, refs, rand, Native,0
1484000,128, refs, linear, Stencil-State,0
1487000,1024, refs, linear, Native,0
1502000,128, refs, linear, Stencil-State,0
1515000,512, refs, linear, Synth,0
1516000,128, refs, linear, Stencil-State,0
1521000,1024, refs, linear, Native,0
1526000,1024, refs, rand, Synth,0
1537000,1024, refs, rand, Synth,0
1555000,1024, refs, linear, Native,0
1565000,2048, refs, rand, Synth,0
1572000,128, refs, linear, Stencil-State,0
1575000,2048, refs, linear, Synth,0
1582000,512, refs, linear, Synth,0
1599000,4096, refs, linear, Native,0
1609000,512, refs, linear, Synth,0
1609000,1024, refs, linear, Native,0
1621000,1024, refs, rand, Synth,0
1632000,2048, refs, rand, Synth,0
1653000,2048, refs, rand, Stencil-Flow,0
1660000,512, refs, rand, Synth,0
1666000,512, refs, linear, Synth,0
1669000,128, refs, linear, Flow,0
1673000,512, refs, linear, Synth,0
1676000,128, refs, linear, Flow,0
1692000,512, refs, rand, Synth,0
1693000,512, refs, rand, Synth,0
1714000,512, refs, rand, Synth,0
1725000,128, refs, rand, Stencil-State,0
1730000,128, refs, rand, Stencil-State,0
1738000,128, refs, linear, Flow,0
1742000,128, refs, linear, Flow,0
1746000,512, refs, rand, Synth,0
1747000,256, refs, rand, Flow,0
1755000,1024, refs, rand, Synth,0
1761000,128, refs, linear, Flow,0
1767000,128, refs, linear, Flow,0
1774000,512, refs, rand, Stencil-State,0
1783000,512, refs, rand, Synth,0
1831000,128, refs, rand, Stencil-State,0
1839000,1024, refs, rand, Stencil-Flow,0
1841000,64, refs, linear, Stencil-Flow,0
1842000,128, refs, rand, Stencil-State,0
1851000,256, refs, rand, Flow,0
1854000,512, refs, linear, Stencil-State,0
1867000,512, refs, rand, Stencil-State,0
1867000,2048, refs, linear, Synth,0
1871000,64, refs, rand, Stencil-Flow,0
1888000,512, refs, rand, Stencil-State,0
1900000,512, refs, rand, Stencil-State,0
1901000,128, refs, rand, Stencil-State,0
1912000,512, refs, rand, Stencil-State,0
1913000,512, refs, linear, Synth,0
1915000,64, refs, rand, Stencil-Flow,0
1918000,2048, refs, rand, Flow,0
1923000,4096, refs, linear, Synth,0
1932000,64, refs, linear, Stencil-Flow,0
1934000,64, refs, rand, Stencil-Flow,0
1943000,512, refs, linear, Stencil-State,0
1951000,256, refs, rand, Flow,0
1954000,512, refs, rand, Stencil-State,0
1957000,1024, refs, rand, Stencil-Flow,0
1959000,256, refs, rand, Flow,0
1960000,2048, refs, linear, Synth,0
1966000,256, refs, rand, Flow,0
1967000,1024, refs, rand, Stencil-Flow,0
1971000,64, refs, rand, Stencil-Flow,0
1973000,1024, refs, rand, Stencil-State,0
1973000,2048, refs, rand, Native,0
1976000,64, refs, linear, Stencil-Flow,0
1979000,64, refs, linear, Stencil-Flow,0
1984000,128, refs, rand, Stencil-State,0
1992000,256, refs, rand, Flow,0
1994000,2048, refs, rand, Synth,0
1996000,1024, refs, rand, Stencil-State,0
1996000,64, refs, rand, Stencil-Flow,0
2002000,64, refs, linear, Stencil-Flow,0
2005000,64, refs, rand, Stencil-Flow,0
2007000,128, refs, rand, Flow,0
2021000,2048, refs, linear, Native,0
2032000,64, refs, linear, Stencil-Flow,0
2036000,512, refs, linear, Stencil-State,0
2053000,512, refs, linear, Stencil-State,0
2060000,8, refs, rand, Stencil-State,0
2060000,2048, refs, linear, Native,0
2067000,4096, refs, rand, Native,0
2067000,2048, refs, rand, Flow,0
2067000,2048, refs, linear, Synth,0
2079000,1024, refs, rand, Stencil-State,0
2081000,2048, refs, rand, Stencil-State,0
2083000,128, refs, rand, Flow,0
2092000,2048, refs, rand, Flow,0
2096000,8, refs, rand, Stencil-State,0
2103000,1024, refs, linear, Synth,0
2103000,2048, refs, rand, Flow,0
2112000,128, refs, rand, Flow,0
2114000,8, refs, rand, Stencil-State,0
2118000,2048, refs, rand, Synth,0
2125000,2048, refs, linear, Native,0
2136000,512, refs, linear, Stencil-State,0
2152000,2048, refs, linear, Synth,0
2158000,128, refs, rand, Flow,0
2160000,128, refs, rand, Flow,0
2161000,8, refs, rand, Stencil-State,0
2170000,512, refs, linear, Stencil-State,0
2182000,256, refs, linear, Synth,0
2192000,256, refs, linear, Synth,0
2192000,256, refs, linear, Stencil-State,0
2201000,2048, refs, linear, Synth,0
2207000,4096, refs, rand, Native,0
2220000,128, refs, rand, Flow,0
2232000,256, refs, linear, Synth,0
2235000,1024, refs, linear, Synth,0
2238000,1024, refs, rand, Stencil-State,0
2253000,8, refs, rand, Stencil-State,0
2254000,1024, refs, rand, Flow,0
2261000,256, refs, linear, Synth,0
2261000,8, refs, rand, Stencil-State,0
2269000,2048, refs, rand, Flow,0
2270000,256, refs, linear, Synth,0
2274000,2048, refs, linear, Native,0
2278000,1024, refs, rand, Stencil-State,0
2279000,1024, refs, linear, Synth,0
2283000,256, refs, linear, Stencil-State,0
2286000,2048, refs, linear, Stencil-Flow,0
2287000,1024, refs, linear, Synth,0
2290000,4096, refs, rand, Native,0
2302000,1024, refs, linear, Synth,0
2304000,1024, refs, rand, Stencil-State,0
2332000,4096, refs, linear, Native,0
2348000,1024, refs, linear, Stencil-State,0
2355000,4096, refs, rand, Native,0
2358000,2048, refs, linear, Stencil-Flow,0
2370000,256, refs, rand, Stencil-State,0
2372000,4096, refs, linear, Native,0
2381000,256, refs, linear, Stencil-State,0
2389000,1024, refs, linear, Synth,0
2408000,1024, refs, linear, Stencil-State,0
2422000,256, refs, rand, Stencil-State,0
2445000,4096, refs, linear, Native,0
2452000,256, refs, rand, Stencil-State,0
2470000,1024, refs, rand, Flow,0
2478000,256, refs, linear, Stencil-State,0
2489000,2048, refs, linear, Stencil-Flow,0
2506000,1024, refs, rand, Flow,0
2507000,256, refs, rand, Stencil-State,0
2512000,1024, refs, rand, Flow,0
2544000,256, refs, linear, Synth,0
2556000,256, refs, rand, Stencil-State,0
2557000,2048, refs, linear, Flow,0
2564000,256, refs, linear, Stencil-State,0
2568000,4096, refs, linear, Native,0
2570000,2048, refs, rand, Flow,0
2579000,4096, refs, linear, Synth,0
2587000,256, refs, rand, Stencil-State,0
2589000,4096, refs, linear, Flow,0
2604000,1024, refs, rand, Flow,0
2628000,2048, refs, linear, Stencil-Flow,0
2644000,1024, refs, rand, Stencil-Flow,0
2644000,4096, refs, rand, Synth,0
2665000,4096, refs, linear, Synth,0
2700000,1024, refs, linear, Stencil-State,0
2742000,1024, refs, linear, Stencil-State,0
2765000,1024, refs, linear, Stencil-State,0
2765000,2048, refs, linear, Native,0
2779000,1024, refs, linear, Stencil-State,0
2789000,4096, refs, rand, Synth,0
2814000,2048, refs, rand, Stencil-Flow,0
2815000,2048, refs, linear, Flow,0
2856000,4096, refs, linear, Synth,0
2872000,2048, refs, rand, Stencil-State,0
2884000,2048, refs, linear, Stencil-Flow,0
2886000,2048, refs, rand, Stencil-State,0
2897000,4096, refs, rand, Flow,0
2910000,2048, refs, rand, Stencil-State,0
2918000,2048, refs, linear, Native,0
2921000,2048, refs, rand, Stencil-Flow,0
2940000,512, refs, rand, Flow,0
2952000,256, refs, linear, Stencil-State,0
2952000,512, refs, rand, Flow,0
2971000,4096, refs, rand, Flow,0
2977000,512, refs, linear, Flow,0
2987000,256, refs, linear, Flow,0
2993000,256, refs, linear, Flow,0
2998000,512, refs, rand, Flow,0
3002000,2048, refs, rand, Stencil-Flow,0
3002000,512, refs, rand, Flow,0
3006000,2048, refs, linear, Flow,0
3007000,2048, refs, linear, Stencil-Flow,0
3018000,4096, refs, rand, Synth,0
3021000,4096, refs, rand, Native,0
3024000,512, refs, rand, Flow,0
3028000,4096, refs, rand, Flow,0
3028000,512, refs, linear, Flow,0
3029000,4096, refs, rand, Synth,0
3051000,256, refs, linear, Flow,0
3070000,256, refs, linear, Flow,0
3075000,512, refs, linear, Flow,0
3089000,256, refs, linear, Flow,0
3094000,2048, refs, rand, Stencil-State,0
3097000,512, refs, linear, Flow,0
3125000,512, refs, linear, Flow,0
3136000,512, refs, linear, Flow,0
3152000,512, refs, rand, Flow,0
3160000,1024, refs, rand, Flow,0
3177000,256, refs, linear, Flow,0
3188000,4096, refs, rand, Flow,0
3205000,2048, refs, rand, Stencil-Flow,0
3283000,2048, refs, rand, Stencil-Flow,0
3314000,2048, refs, linear, Flow,0
3320000,2048, refs, linear, Flow,0
3348000,2048, refs, rand, Stencil-State,0
3385000,4096, refs, rand, Flow,0
3422000,4096, refs, rand, Native,0
3525000,2048, refs, linear, Stencil-State,0
3534000,4096, refs, linear, Native,0
3541000,4096, refs, linear, Synth,0
3542000,2048, refs, linear, Flow,0
3595000,1024, refs, rand, Stencil-Flow,0
3602000,4096, refs, rand, Synth,0
3630000,1024, refs, linear, Flow,0
3634000,2048, refs, linear, Stencil-State,0
3660000,128, refs, rand, Stencil-Flow,0
3660000,1024, refs, linear, Flow,0
3698000,128, refs, linear, Stencil-Flow,0
3705000,1024, refs, linear, Flow,0
3707000,2048, refs, linear, Stencil-State,0
3718000,128, refs, linear, Stencil-Flow,0
3727000,8192, refs, rand, Native,0
3729000,1024, refs, linear, Flow,0
3735000,1024, refs, linear, Flow,0
3738000,128, refs, linear, Stencil-Flow,0
3753000,8192, refs, rand, Native,0
3771000,128, refs, linear, Stencil-Flow,0
3786000,512, refs, rand, Stencil-Flow,0
3811000,128, refs, rand, Stencil-Flow,0
3819000,128, refs, linear, Stencil-Flow,0
3830000,128, refs, rand, Stencil-Flow,0
3831000,2048, refs, linear, Stencil-State,0
3838000,128, refs, rand, Stencil-Flow,0
3841000,512, refs, rand, Stencil-Flow,0
3849000,512, refs, rand, Stencil-Flow,0
3851000,128, refs, rand, Stencil-Flow,0
3867000,8192, refs, linear, Native,0
3899000,512, refs, rand, Stencil-Flow,0
3909000,128, refs, linear, Stencil-Flow,0
3936000,512, refs, rand, Stencil-Flow,0
3944000,512, refs, rand, Stencil-Flow,0
3967000,8192, refs, rand, Native,0
3981000,128, refs, rand, Stencil-Flow,0
3981000,512, refs, linear, Stencil-Flow,0
3981000,8192, refs, linear, Native,0
3984000,512, refs, linear, Stencil-Flow,0
3989000,4096, refs, linear, Stencil-State,0
4010000,8192, refs, linear, Native,0
4017000,8192, refs, linear, Native,0
4038000,256, refs, rand, Stencil-Flow,0
4051000,4096, refs, linear, Flow,0
4067000,512, refs, linear, Stencil-Flow,0
4071000,512, refs, linear, Stencil-Flow,0
4074000,1024, refs, linear, Flow,0
4118000,512, refs, linear, Stencil-Flow,0
4133000,512, refs, linear, Stencil-Flow,0
4174000,1024, refs, linear, Stencil-Flow,0
4180000,256, refs, rand, Stencil-Flow,0
4201000,2048, refs, linear, Stencil-State,0
4213000,4096, refs, rand, Synth,0
4215000,4096, refs, linear, Flow,0
4241000,4096, refs, linear, Stencil-Flow,0
4245000,256, refs, rand, Stencil-Flow,0
4248000,1024, refs, linear, Stencil-Flow,0
4263000,4096, refs, rand, Stencil-Flow,0
4285000,1024, refs, linear, Stencil-Flow,0
4314000,1024, refs, rand, Stencil-Flow,0
4319000,4096, refs, linear, Flow,0
4339000,4096, refs, linear, Synth,0
4361000,8192, refs, rand, Native,0
4361000,1024, refs, linear, Stencil-Flow,0
4370000,2048, refs, linear, Stencil-State,0
4372000,1024, refs, linear, Stencil-Flow,0
4376000,256, refs, rand, Stencil-Flow,0
4383000,1024, refs, linear, Stencil-Flow,0
4421000,256, refs, rand, Stencil-Flow,0
4487000,4096, refs, rand, Flow,0
4527000,256, refs, rand, Stencil-Flow,0
4581000,2, refs, rand, Synth,0
4655000,256, refs, linear, Stencil-Flow,0
4664000,2, refs, rand, Synth,0
4664000,256, refs, linear, Stencil-Flow,0
4667000,1, refs, linear, Stencil-State,0
4673000,256, refs, linear, Stencil-Flow,0
4677000,2, refs, rand, Synth,0
4702000,4096, refs, rand, Stencil-State,0
4712000,2, refs, rand, Synth,0
4757000,256, refs, linear, Stencil-Flow,0
4759000,2, refs, rand, Synth,0
4770000,1, refs, linear, Stencil-State,0
4773000,1, refs, linear, Stencil-State,0
4776000,2, refs, rand, Synth,0
4782000,1, refs, linear, Stencil-State,0
4804000,256, refs, linear, Stencil-Flow,0
4806000,4096, refs, linear, Flow,0
4813000,1, refs, linear, Stencil-State,0
4819000,4096, refs, linear, Flow,0
4823000,256, refs, linear, Stencil-Flow,0
4878000,8192, refs, linear, Native,0
4892000,4096, refs, rand, Stencil-Flow,0
4956000,8192, refs, rand, Flow,0
4983000,4096, refs, rand, Stencil-State,0
4988000,8192, refs, linear, Synth,0
5025000,4096, refs, rand, Stencil-Flow,0
5047000,4096, refs, linear, Stencil-State,0
5086000,8192, refs, rand, Flow,0
5099000,1, refs, linear, Stencil-State,0
5099000,8192, refs, rand, Synth,0
5114000,8192, refs, rand, Synth,0
5124000,8192, refs, rand, Native,0
5136000,8192, refs, rand, Flow,0
5145000,8192, refs, linear, Synth,0
5148000,4096, refs, linear, Stencil-Flow,0
5207000,4096, refs, linear, Stencil-Flow,0
5207000,8192, refs, rand, Synth,0
5238000,4096, refs, rand, Stencil-State,0
5248000,4096, refs, rand, Stencil-Flow,0
5254000,4096, refs, rand, Stencil-State,0
5292000,8192, refs, rand, Flow,0
5330000,4096, refs, linear, Stencil-Flow,0
5415000,8192, refs, rand, Synth,0
5444000,8192, refs, rand, Synth,0
5529000,8192, refs, linear, Synth,0
5583000,4096, refs, linear, Stencil-Flow,0
5586000,4096, refs, rand, Stencil-Flow,0
5657000,8192, refs, linear, Synth,0
5783000,4096, refs, rand, Stencil-Flow,0
5840000,8192, refs, linear, Native,0
5868000,4096, refs, linear, Stencil-Flow,0
5916000,8192, refs, rand, Native,0
5951000,16384, refs, linear, Native,0
6023000,4096, refs, linear, Stencil-State,0
6054000,16384, refs, linear, Native,0
6060000,8192, refs, linear, Flow,0
6107000,16384, refs, rand, Native,0
6151000,16384, refs, rand, Native,0
6171000,4096, refs, rand, Stencil-State,0
6223000,4096, refs, linear, Stencil-State,0
6282000,8192, refs, rand, Synth,0
6316000,8192, refs, linear, Synth,0
6378000,8192, refs, rand, Flow,0
6552000,8192, refs, linear, Flow,0
6565000,16384, refs, linear, Native,0
6664000,16384, refs, rand, Native,0
6770000,4096, refs, linear, Stencil-State,0
6788000,4096, refs, linear, Stencil-State,0
6936000,4096, refs, rand, Stencil-State,0
6998000,16384, refs, linear, Native,0
7369000,8192, refs, linear, Flow,0
7495000,16384, refs, linear, Native,0
7728000,8192, refs, linear, Flow,0
7767000,8192, refs, linear, Flow,0
8035000,8192, refs, linear, Synth,0
8070000,8192, refs, rand, Flow,0
8369000,8192, refs, linear, Flow,0
8464000,16384, refs, rand, Flow,0
8523000,8192, refs, rand, Stencil-Flow,0
8637000,8192, refs, rand, Stencil-Flow,0
8674000,16384, refs, rand, Flow,0
8740000,16384, refs, linear, Synth,0
8846000,16384, refs, rand, Flow,0
8911000,8192, refs, rand, Stencil-Flow,0
8982000,16384, refs, linear, Synth,0
9008000,8192, refs, linear, Stencil-State,0
9015000,16384, refs, rand, Flow,0
9020000,16384, refs, rand, Flow,0
9043000,16384, refs, rand, Synth,0
9079000,8192, refs, linear, Stencil-State,0
9137000,16384, refs, linear, Synth,0
9178000,8192, refs, rand, Stencil-Flow,0
9192000,16384, refs, linear, Native,0
9242000,8192, refs, rand, Stencil-State,0
9481000,16384, refs, rand, Synth,0
9576000,16384, refs, linear, Synth,0
9686000,8192, refs, linear, Stencil-Flow,0
9727000,8192, refs, rand, Stencil-Flow,0
9782000,8192, refs, linear, Stencil-State,0
9856000,8192, refs, rand, Stencil-Flow,0
9873000,8192, refs, rand, Stencil-State,0
10045000,8192, refs, linear, Stencil-Flow,0
10058000,8192, refs, rand, Stencil-State,0
10084000,16384, refs, rand, Synth,0
10085000,8192, refs, rand, Stencil-State,0
10116000,8192, refs, rand, Stencil-State,0
10377000,16384, refs, linear, Flow,0
10549000,8192, refs, rand, Stencil-State,0
10579000,8192, refs, linear, Stencil-State,0
10708000,8192, refs, linear, Stencil-Flow,0
10744000,32768, refs, linear, Native,0
11074000,16384, refs, linear, Synth,0
11175000,8192, refs, linear, Stencil-Flow,0
11193000,16384, refs, linear, Flow,0
11294000,8192, refs, linear, Stencil-Flow,0
11437000,16384, refs, linear, Flow,0
11563000,32768, refs, linear, Native,0
11816000,32768, refs, linear, Native,0
11852000,8192, refs, linear, Stencil-State,0
11874000,8192, refs, linear, Stencil-State,0
12225000,32768, refs, rand, Native,0
12250000,16384, refs, rand, Flow,0
12308000,16384, refs, linear, Flow,0
12402000,8192, refs, linear, Stencil-Flow,0
13426000,16384, refs, rand, Synth,0
13469000,16384, refs, rand, Stencil-Flow,0
14020000,16384, refs, rand, Stencil-Flow,0
14134000,16384, refs, rand, Stencil-Flow,0
14214000,16384, refs, rand, Synth,0
14303000,16384, refs, linear, Flow,0
14445000,16384, refs, linear, Synth,0
14807000,16384, refs, linear, Flow,0
15216000,16384, refs, rand, Stencil-Flow,0
15299000,32768, refs, linear, Synth,0
15532000,32768, refs, rand, Native,0
15958000,32768, refs, linear, Flow,0
16016000,32768, refs, linear, Synth,0
16110000,32768, refs, rand, Native,0
16679000,32768, refs, rand, Native,0
16751000,32768, refs, linear, Synth,0
16877000,16384, refs, rand, Stencil-State,0
17107000,32768, refs, linear, Flow,0
17148000,32768, refs, rand, Native,0
17298000,32768, refs, linear, Native,0
17369000,32768, refs, linear, Native,0
17440000,32768, refs, rand, Flow,0
17562000,16384, refs, rand, Stencil-Flow,0
17630000,16384, refs, rand, Stencil-State,0
17785000,16384, refs, rand, Stencil-State,0
18057000,16384, refs, rand, Stencil-Flow,0
18283000,32768, refs, linear, Flow,0
18332000,32768, refs, linear, Native,0
18511000,32768, refs, rand, Flow,0
18595000,32768, refs, rand, Flow,0
18778000,16384, refs, linear, Stencil-Flow,0
18783000,16384, refs, rand, Stencil-State,0
18969000,16384, refs, linear, Stencil-Flow,0
19002000,32768, refs, rand, Synth,0
19098000,32768, refs, rand, Synth,0
19206000,16384, refs, linear, Stencil-Flow,0
19237000,16384, refs, linear, Stencil-State,0
19412000,32768, refs, rand, Synth,0
19474000,32768, refs, rand, Flow,0
19643000,32768, refs, rand, Flow,0
19706000,32768, refs, rand, Synth,0
19760000,32768, refs, rand, Synth,0
19792000,16384, refs, linear, Stencil-State,0
19799000,16384, refs, linear, Stencil-State,0
20047000,32768, refs, rand, Flow,0
20121000,16384, refs, linear, Stencil-State,0
20254000,16384, refs, rand, Stencil-State,0
20897000,16384, refs, rand, Stencil-State,0
21162000,16384, refs, linear, Stencil-Flow,0
21904000,32768, refs, linear, Flow,0
22656000,16384, refs, linear, Stencil-State,0
22668000,16384, refs, linear, Stencil-Flow,0
23076000,16384, refs, linear, Stencil-State,0
23214000,32768, refs, linear, Synth,0
23328000,65536, refs, linear, Native,0
23494000,65536, refs, linear, Native,0
23525000,32768, refs, rand, Native,0
24128000,65536, refs, linear, Native,0
24315000,65536, refs, linear, Native,0
24788000,65536, refs, rand, Native,0
25549000,32768, refs, linear, Flow,0
25749000,32768, refs, linear, Synth,0
25807000,65536, refs, rand, Native,0
25916000,65536, refs, rand, Native,0
26029000,65536, refs, rand, Native,0
26498000,65536, refs, rand, Native,0
27058000,32768, refs, linear, Synth,0
27285000,32768, refs, linear, Flow,0
28872000,32768, refs, rand, Synth,0
30726000,16384, refs, rand, Native,0
31039000,16384, refs, rand, Native,0
32007000,65536, refs, linear, Native,0
33613000,16384, refs, rand, Native,0
34854000,65536, refs, linear, Native,0
36548000,32768, refs, rand, Stencil-State,0
36871000,32768, refs, linear, Stencil-State,0
37878000,32768, refs, linear, Stencil-State,0
37938000,32768, refs, linear, Stencil-State,0
39613000,16384, refs, linear, Stencil-Flow,0
39719000,32768, refs, rand, Stencil-State,0
40972000,32768, refs, linear, Stencil-State,0
41277000,32768, refs, linear, Stencil-State,0
42224000,32768, refs, rand, Stencil-State,0
42441000,32768, refs, rand, Stencil-State,0
42513000,65536, refs, rand, Native,0
43211000,32768, refs, linear, Stencil-State,0
44889000,32768, refs, rand, Stencil-State,0
45715000,32768, refs, rand, Stencil-Flow,0
46359000,32768, refs, rand, Stencil-State,0
47178000,32768, refs, rand, Stencil-Flow,0
49735000,32768, refs, rand, Stencil-Flow,0
50207000,32768, refs, rand, Stencil-Flow,0
51101000,16384, refs, rand, Synth,0
51232000,32768, refs, rand, Stencil-Flow,0
56788000,32768, refs, rand, Stencil-Flow,0
61863000,65536, refs, linear, Synth,0
64897000,32768, refs, linear, Stencil-Flow,0
66315000,32768, refs, linear, Stencil-Flow,0
67167000,32768, refs, linear, Stencil-Flow,0
68332000,65536, refs, linear, Flow,0
68715000,32768, refs, linear, Stencil-Flow,0
70779000,65536, refs, linear, Flow,0
71803000,65536, refs, linear, Flow,0
72178000,65536, refs, linear, Flow,0
73540000,65536, refs, linear, Flow,0
74105000,65536, refs, rand, Flow,0
74247000,65536, refs, rand, Flow,0
74520000,65536, refs, rand, Flow,0
74827000,65536, refs, rand, Flow,0
75232000,65536, refs, rand, Flow,0
76041000,65536, refs, rand, Flow,0
76260000,65536, refs, rand, Synth,0
84793000,65536, refs, linear, Flow,0
91984000,65536, refs, linear, Stencil-Flow,0
94639000,32768, refs, linear, Stencil-Flow,0
94967000,65536, refs, linear, Stencil-Flow,0
95951000,65536, refs, linear, Stencil-Flow,0
96424000,32768, refs, linear, Stencil-Flow,0
105224000,65536, refs, rand, Stencil-Flow,0
106984000,65536, refs, rand, Stencil-Flow,0
107199000,65536, refs, linear, Stencil-State,0
109362000,65536, refs, rand, Stencil-Flow,0
109658000,65536, refs, rand, Stencil-Flow,0
110333000,65536, refs, rand, Stencil-Flow,0
110431000,65536, refs, linear, Synth,0
110646000,65536, refs, linear, Synth,0
112949000,65536, refs, linear, Stencil-State,0
113606000,65536, refs, linear, Stencil-State,0
113756000,65536, refs, linear, Stencil-State,0
114796000,65536, refs, rand, Stencil-State,0
115662000,65536, refs, rand, Stencil-State,0
115943000,65536, refs, rand, Stencil-State,0
116885000,65536, refs, rand, Stencil-State,0
117866000,65536, refs, rand, Stencil-State,0
119440000,65536, refs, rand, Stencil-State,0
123150000,65536, refs, linear, Stencil-State,0
124579000,1, refs, linear, Flow,0
124673000,1, refs, linear, Flow,0
125290000,1, refs, linear, Flow,0
125958000,65536, refs, rand, Synth,0
127184000,1, refs, linear, Flow,0
127836000,65536, refs, linear, Stencil-State,0
127875000,1, refs, linear, Flow,0
139662000,1, refs, linear, Flow,0
141618000,65536, refs, linear, Synth,0
142273000,65536, refs, rand, Synth,0
146515000,65536, refs, linear, Synth,0
146892000,65536, refs, linear, Synth,0
147194000,65536, refs, rand, Synth,0
151290000,65536, refs, rand, Synth,0
153887000,65536, refs, rand, Synth,0
162593000,65536, refs, linear, Stencil-Flow,0
165919000,65536, refs, linear, Stencil-Flow,0
167669000,65536, refs, linear, Stencil-Flow,0
229673000,65536, refs, rand, Stencil-Flow,0